letter,word
AA,sphygmus
AB,postsplenic
AC,cerebra
AD,blackberry
AE,observability
AF,opulency
AG,monochord
AH,deemer
AI,unashamed
AJ,sexradiate
AK,accustom
AL,oversimplify
AM,euthanasy
AN,conchylium
AO,hoofs
AP,inseminate
AQ,italianesque
AR,proinsurance
AS,pickeringite
AT,confessingly
AU,pseudography
AV,vorhand
AW,anorchus
AX,milken
AY,kalekah
AZ,irreducibly
BA,counterdemand
BB,holocentroid
BC,miaow
BD,archilochian
BE,knyazi
BF,externate
BG,headstrongness
BH,snakelet
BI,senecionine
BJ,jovicentrically
BK,heliozoa
BL,phytoecological
BM,sotted
BN,uninstituted
BO,content
BP,basso
BQ,daphnin
BR,unpoeticalness
BS,lithuresis
BT,unsmutted
BU,alshain
BV,babesia
BW,bezoardic
BX,overelegance
BY,exemplification
BZ,groanful
CA,xylophone
CB,unindicated
CC,repressment
CD,hydatogenesis
CE,medievalize
CF,thoron
CG,unhacked
CH,embryectomy
CI,beerpull
CJ,goosewinged
CK,archiblastula
CL,dipyrenous
CM,flawlessness
CN,flotative
CO,manage
CP,socinian
CQ,fumado
CR,ogress
CS,labrusca
CT,wheelway
CU,bygo
CV,ceroma
CW,diacranterian
CX,mahayanist
CY,cowlick
CZ,infundibuliform
DA,daywrit
DB,intermercurial
DC,tim
DD,uncommon
DE,nonfixation
DF,haori
DG,eurypharyngidae
DH,chessist
DI,lecontite
DJ,carthamus
DK,subarboraceous
DL,slough
DM,chasselas
DN,ergophile
DO,damnify
DP,ectopterygoid
DQ,outraught
DR,filibusterous
DS,prosecutable
DT,tragicofarcical
DU,samaroid
DV,scientist
DW,prealveolar
DX,duskishness
DY,reprotection
DZ,modificator
EA,sibilate
EB,kingless
EC,zootechnics
ED,opisthorchis
EE,lippy
EF,desulphur
EG,menoschetic
EH,fluocarbonate
EI,detrude
EJ,sideration
EK,atherurus
EL,thecasporal
EM,magniloquy
EN,hydrobiologist
EO,unbrothered
EP,marshalment
EQ,varolian
ER,slopy
ES,beveled
ET,revolatilize
EU,unoutraged
EV,election
EW,heterophemize
EX,guillotinade
EY,tume
EZ,glottological
FA,contendress
FB,legatee
FC,christmasing
FD,swarthily
FE,goblin
FF,shide
FG,amphistyly
FH,ledge
FI,companionable
FJ,hyperspiritualizing
FK,rouge
FL,hushcloth
FM,theosophical
FN,shopwoman
FO,absolutize
FP,kiki
FQ,stipendiary
FR,cabalassou
FS,octopodous
FT,condignly
FU,dunderheadedness
FV,gossypium
FW,tenotomist
FX,repurpose
FY,sarkical
FZ,lochometritis
GA,fiducial
GB,nongenerative
GC,prosacral
GD,cheniller
GE,subtorrid
GF,explore
GG,cliftonite
GH,overshoe
GI,phrenodynia
GJ,spirepole
GK,cartway
GL,spaceship
GM,dactylion
GN,goddess
GO,polysepalous
GP,unplannedly
GQ,pelasgi
GR,slunge
GS,vocabular
GT,fellaheen
GU,xenogenesis
GV,upgrowth
GW,dentatocostate
GX,heyday
GY,intracarpal
GZ,concretor
HA,aerohydropathy
HB,bleating
HC,cnidian
HD,dieri
HE,gasconism
HF,gudesake
HG,ascothoracica
HH,misuse
HI,cephalina
HJ,reasseverate
HK,womanly
HL,teaselwort
HM,unadulteratedness
HN,staggery
HO,euryalida
HP,cacao
HQ,clapping
HR,genicular
HS,interknot
HT,unwarrantably
HU,maianthemum
HV,contending
HW,gallivant
HX,rayon
HY,invaccination
HZ,unsuperable
IA,superambitious
IB,bespouse
IC,overageness
ID,onomantia
IE,strumpetlike
IF,warrior
IG,scratchable
IH,filiformed
II,oenologist
IJ,agrogeologically
IK,compital
IL,tapsterly
IM,alkaid
IN,tileroot
IO,siderostatic
IP,roentgenoscopy
IQ,radius
IR,hoodlum
IS,monopylean
IT,semiautonomous
IU,zequin
IV,airship
IW,asleep
IX,mysophobia
IY,octodentate
IZ,aloma
JA,olfactor
JB,strawyard
JC,factual
JD,unneedfully
JE,tableaux
JF,phytonomy
JG,toozoo
JH,hobbly
JI,ismaticalness
JJ,masticic
JK,gablatores
JL,soundheartednes
JM,unthoughtlike
JN,acquaintance
JO,fodgel
JP,siluric
JQ,nonunanimous
JR,bareheaded
JS,dollship
JT,saxifrage
JU,strongylus
JV,macrosporophore
JW,horizontic
JX,unhairiness
JY,inflame
JZ,aggregate
KA,waxchandlery
KB,walkside
KC,rayan
KD,bradshaw
KE,severation
KF,nonabsorptive
KG,aulic
KH,bigotish
KI,jehu
KJ,anaglyptic
KK,primulaceae
KL,teioid
KM,coseism
KN,rheotactic
KO,salva
KP,still
KQ,unnation
KR,nonuniversity
KS,sarcosperm
KT,sage
KU,lucid
KV,occiput
KW,hydraulicon
KX,undergird
KY,hesperiidae
KZ,waive
LA,hayrack
LB,prunetol
LC,amphictyony
LD,scoutwatch
LE,cantala
LF,organographical
LG,thyrocardiac
LH,intinction
LI,dynamization
LJ,openhanded
LK,apiin
LL,yardstick
LM,telescopic
LN,gateworks
LO,felicitation
LP,obe
LQ,phrenosin
LR,predisguise
LS,poop
LT,separationism
LU,anastomose
LV,momentaneous
LW,silt
LX,cantonal
LY,frontopontine
LZ,vairagi
MA,exhaustedly
MB,hemotropic
MC,antigigmanic
MD,intersex
ME,fairydom
MF,magnetochemical
MG,snowcap
MH,suppositively
MI,literally
MJ,guidage
MK,somatic
ML,troopship
MM,bernoullian
MN,finer
MO,sinkhole
MP,washoan
MQ,dittany
MR,vertebrated
MS,skerret
MT,viewiness
MU,gyrowheel
MV,inomyoma
MW,shabbed
MX,ungloriousness
MY,septerium
MZ,floscularian
NA,unsponged
NB,wolfsbergite
NC,ancona
ND,pehuenche
NE,eurypterida
NF,impoliticness
NG,cavalero
NH,tellureted
NI,disruptive
NJ,prisoner
NK,tylopoda
NL,transcalent
NM,speckfall
NN,isopleth
NO,subbrigadier
NP,breadearner
NQ,zingaresca
NR,unescalloped
NS,eutechnic
NT,erythrine
NU,nonrespectable
NV,metromalacoma
NW,ridding
NX,strychnos
NY,wurzburger
NZ,woodbound
OA,unparallelness
OB,after
OC,microstomatous
OD,gools
OE,whatness
OF,batrachospermum
OG,imperialism
OH,predestroy
OI,flavius
OJ,fuegian
OK,conspirer
OL,pulsator
OM,purtenance
ON,sharpish
OO,unbooked
OP,contrefort
OQ,unaccessibly
OR,unmeriting
OS,virtu
OT,noncommencement
OU,picturesqueness
OV,retaker
OW,ambivalency
OX,maratism
OY,esthesiology
OZ,notitia
PA,abiuret
PB,sonorophone
PC,epruinose
PD,conscionable
PE,isocephalism
PF,slepez
PG,frizz
PH,primuline
PI,run
PJ,horvatian
PK,emotionable
PL,electrometer
PM,misestimation
PN,preterpolitical
PO,riverdamp
PP,hydrostatically
PQ,federalization
PR,coindicate
PS,accident
PT,ovaliform
PU,unidimensional
PV,clockkeeper
PW,dame
PX,frivol
PY,pantotactic
PZ,disodium
QA,flog
QB,periplast
QC,overrush
QD,interfenestral
QE,popovets
QF,caesalpiniaceous
QG,rhomboganoid
QH,ungrotesque
QI,rebaptize
QJ,equipaga
QK,archimedean
QL,nonvirulent
QM,hypoplastral
QN,acetonemic
QO,bipartible
QP,endocondensation
QQ,haggler
QR,unresonant
QS,solvability
QT,overconfute
QU,spiriting
QV,bunty
QW,derivativeness
QX,therefrom
QY,pantagogue
QZ,rheoscopic
RA,azodicarboxylic
RB,leadenly
RC,nothosaur
RD,scotticize
RE,murmurless
RF,manful
RG,overyear
RH,gainlessness
RI,racemosely
RJ,subessential
RK,archfelon
RL,deleterious
RM,storklike
RN,exocataphoria
RO,occamistic
RP,myxococcus
RQ,butterwright
RR,bleak
RS,fuciphagous
RT,antihunting
RU,paracelsic
RV,procancellation
RW,unprejudiciable
RX,pteromalidae
RY,ziphiinae
RZ,julienne
SA,pseudamoeboid
SB,vanessian
SC,unseared
SD,undecylic
SE,fuchsian
SF,subapparent
SG,manumissive
SH,megaphyton
SI,roxburgh
SJ,undergoing
SK,masa
SL,myelitic
SM,unasked
SN,unemulative
SO,vertical
SP,adreamt
SQ,undergovernment
SR,openmouthed
SS,gut
ST,eyeglance
SU,forayer
SV,formative
SW,ramlike
SX,cromlech
SY,gastrodialysis
SZ,hirudin
TA,encarnalize
TB,unstentorian
TC,rhizoplast
TD,hawking
TE,nitrogenous
TF,retwine
TG,schedule
TH,raciness
TI,targum
TJ,constitutive
TK,werther
TL,uneducable
TM,bobo
TN,wiener
TO,stinginess
TP,calathiscus
TQ,hemisection
TR,polypide
TS,dunelike
TT,humify
TU,rehoboam
TV,addlehead
TW,catholicus
TX,graspable
TY,wea
TZ,coprolaliac
UA,azurean
UB,jiltee
UC,welcoming
UD,pantechnicon
UE,nigrous
UF,foldless
UG,polis
UH,mbuba
UI,enantiomorphously
UJ,hyperazotemia
UK,baryta
UL,eremacausis
UM,timeliine
UN,traction
UO,raddlings
UP,tumblerful
UQ,crossopterygian
UR,paranthracene
US,mutillid
UT,stenchion
UU,anacamptically
UV,epanalepsis
UW,doctorlike
UX,galeated
UY,indexed
UZ,oxymoron
VA,tenthredinoid
VB,ultroneousness
VC,unimpenetrable
VD,jobmistress
VE,repale
VF,unluxuriant
VG,persecutingly
VH,emarcid
VI,cystopyelitis
VJ,oliverian
VK,ataman
VL,melittologist
VM,appredicate
VN,unshed
VO,ordinee
VP,angili
VQ,inclinometer
VR,unperished
VS,frankify
VT,overcow
VU,eggler
VV,nightly
VW,postmarriage
VX,unshapeable
VY,amigo
VZ,eudaemonia
WA,paulian
WB,plectognathi
WC,stricken
WD,irreparable
WE,unequitably
WF,zoopery
WG,outservant
WH,omnisentient
WI,zoologic
WJ,aleuroscope
WK,cutaneously
WL,virtuality
WM,enterozoa
WN,alaric
WO,forced
WP,caterer
WQ,metalloid
WR,trilineated
WS,megalethoscope
WT,facund
WU,phyllophagous
WV,spermotoxin
WW,monembryonic
WX,undergarnish
WY,tarbooshed
WZ,scabridulous
XA,pancreatitic
XB,nidology
XC,pigface
XD,nonfreezing
XE,bhang
XF,pebrinous
XG,slashingly
XH,corydaline
XI,pestilenceweed
XJ,grummel
XK,unjudging
XL,aotes
XM,procryptic
XN,depreciative
XO,persianize
XP,lecturer
XQ,fapesmo
XR,gaster
XS,subdeb
XT,rishi
XU,tetrsyllabical
XV,hydriotaphia
XW,kurung
XX,metanephros
XY,pyopneumoperitoneum
XZ,swather
YA,alantol
YB,boxboard
YC,philander
YD,tridepside
YE,xebec
YF,stratagemical
YG,phytographic
YH,supernaturalist
YI,ambulation
YJ,grazierdom
YK,anthraquinol
YL,oscillometric
YM,paleolithoid
YN,eccentrometer
YO,climb
YP,coudee
YQ,suborner
YR,impeccance
YS,stimulator
YT,indicatrix
YU,ethiodide
YV,foredefeated
YW,humulone
YX,expeditation
YY,gerundially
YZ,quilleted
ZA,deadheartedness
ZB,pommy
ZC,dubiously
ZD,pelmatogram
ZE,polaxis
ZF,sesquitertianal
ZG,undermanning
ZH,unremoved
ZI,mimosis
ZJ,unneurotic
ZK,supermaterial
ZL,amphibiotic
ZM,tellurite
ZN,sebkha
ZO,transverberation
ZP,arborary
ZQ,hyolithidae
ZR,unrumple
ZS,hillebrandite
ZT,spoor
ZU,exorcisation
ZV,boanergism
ZW,eunuchoid
ZX,saccharineish
ZY,rotatively
ZZ,jejunotomy
0A,piscicapture
0B,superaesthetical
0C,dolichoprosopic
0D,semiovoid
0E,lalling
0F,nonmeteorological
0G,thon
0H,unchemically
0I,pockmantie
0J,nonentomological
0K,oversufficiency
0L,prerequest
0M,electricalness
0N,blowgun
0O,intercalarily
0P,peninsular
0Q,passible
0R,panellation
0S,tropaeolin
0T,extracalicular
0U,oisin
0V,pholadian
0W,limb
0X,mayda
0Y,diagnostication
0Z,anhydromyelia
1A,silicoalkaline
1B,undercolored
1C,bugan
1D,carburant
1E,plurimammate
1F,myrianida
1G,yeshiva
1H,inframercurial
1I,partanhanded
1J,sanious
1K,alphabetizer
1L,pneumatogenous
1M,normotensive
1N,unflourished
1O,subsolid
1P,workpiece
1Q,silverish
1R,branchiostomid
1S,terror
1T,transmitter
1U,wittily
1V,writhedly
1W,unsmokeable
1X,defensiveness
1Y,nonlustrous
1Z,preblockade
2A,unseriousness
2B,visional
2C,factualness
2D,superattraction
2E,ineloquently
2F,unaggression
2G,soiled
2H,grummels
2I,pathogenesy
2J,atomistics
2K,ungraded
2L,reimbibe
2M,mylohyoidean
2N,clinopyroxene
2O,cyrenaicism
2P,exomorphism
2Q,hydrophid
2R,philopogon
2S,schelly
2T,sloebush
2U,unstep
2V,anticyclonically
2W,infirmness
2X,photosyntax
2Y,sitotoxism
2Z,dhabb
3A,outfighter
3B,fibrolipoma
3C,paucilocular
3D,stereophysics
3E,zionite
3F,strow
3G,dignification
3H,gotch
3I,rejecter
3J,twelvefold
3K,catabaptist
3L,tephrosis
3M,kindergartening
3N,catchup
3O,dermatocele
3P,unbadged
3Q,copperbottom
3R,anzac
3S,periarterial
3T,scincidae
3U,chandala
3V,malacophilous
3W,berginize
3X,plectopteran
3Y,cosurety
3Z,unenamored
4A,misapplier
4B,temporalize
4C,nonsymbiotic
4D,job
4E,euphemous
4F,olchi
4G,subcantor
4H,thermostability
4I,lemur
4J,coinheritor
4K,exhaustible
4L,selenitic
4M,moup
4N,glanderous
4O,radar
4P,direption
4Q,semilenticular
4R,uncapsizable
4S,dynatron
4T,allotropical
4U,banefully
4V,thyreoid
4W,idioplasmatic
4X,junciform
4Y,metatarsophalangeal
4Z,balsamation
5A,coendear
5B,uneffectualness
5C,exanthematic
5D,leakiness
5E,adaptationally
5F,phytophil
5G,micrurgic
5H,hypsilophodont
5I,mesmerist
5J,xanthorhamnin
5K,cunas
5L,narrater
5M,chloroamine
5N,subastral
5O,moldable
5P,recomposition
5Q,multanimous
5R,spellwork
5S,alcoholytic
5T,specificative
5U,inauthenticity
5V,goatsfoot
5W,piscatorially
5X,autoboating
5Y,pash
5Z,annul
6A,pastorium
6B,undecayed
6C,effodientia
6D,herbage
6E,sixsome
6F,nonfraternity
6G,scove
6H,tenebra
6I,euskaric
6J,retire
6K,livered
6L,terrarium
6M,jimberjawed
6N,skiameter
6O,preclusively
6P,glucosone
6Q,sulforicinate
6R,digamy
6S,aestheticist
6T,transformative
6U,endotheca
6V,nonapologetic
6W,unthriftily
6X,undepleted
6Y,resensitize
6Z,blockheaded
7A,sabbaticalness
7B,dumfound
7C,polycodium
7D,alcaligenes
7E,fishhouse
7F,protectionate
7G,platyrhini
7H,julid
7I,ancipitous
7J,butcher
7K,phalangal
7L,pinguitudinous
7M,knuckle
7N,tamil
7O,roebuck
7P,adendritic
7Q,hymenogeny
7R,sexfid
7S,crimination
7T,chorisepalous
7U,midland
7V,sunnyhearted
7W,minder
7X,archprophet
7Y,antheridium
7Z,unaggravated
8A,overthwartwise
8B,amplify
8C,nonrequisition
8D,outblunder
8E,saunterer
8F,blunks
8G,stallment
8H,lententide
8I,tetraptych
8J,titman
8K,nonpolarizing
8L,prefixally
8M,unconforming
8N,apocinchonine
8O,apostate
8P,vulval
8Q,vesiculectomy
8R,blinker
8S,frigate
8T,exenteration
8U,yatvyag
8V,infernal
8W,noncontrivance
8X,trichopathic
8Y,temulent
8Z,shiftingness
9A,boltlike
9B,deipnodiplomatic
9C,lymphoduct
9D,heteroplasty
9E,niggling
9F,ajutment
9G,manipulate
9H,disorient
9I,fornicatrix
9J,reconfine
9K,corban
9L,barocyclonometer
9M,uninstilled
9N,unzealous
9O,dicksonia
9P,maru
9Q,repacker
9R,scamble
9S,oversparingly
9T,seaport
9U,hideously
9V,terrestrialness
9W,avoidance
9X,luperci
9Y,coracobrachial
9Z,bestuck
A0,contractation
A1,ogive
A2,hairmonger
A3,freeward
A4,overeye
A5,unregenerating
A6,portal
A7,antiabsolutist
A8,hyperritualism
A9,propenylic
B0,nonuple
B1,frettingly
B2,mercaptids
B3,undisgorged
B4,phallicist
B5,exoarteritis
B6,postcardiac
B7,teton
B8,unkindliness
B9,hedgeberry
C0,zemi
C1,devolvement
C2,rubification
C3,unslandered
C4,diacanthous
C5,preneural
C6,trumpery
C7,bejumble
C8,unpopulousness
C9,whitsun
D0,langi
D1,antagonizer
D2,defeatist
D3,quinquenary
D4,evaporation
D5,interwove
D6,unclayed
D7,cuffy
D8,maladjusted
D9,citizen
E0,alligatored
E1,nonjurying
E2,perpetuable
E3,podaliriidae
E4,delomorphic
E5,undershrubby
E6,erythropenia
E7,sonneteer
E8,platycnemic
E9,unice
F0,danthonia
F1,jaw
F2,structural
F3,immaterialness
F4,clubionidae
F5,charmedly
F6,geostrategic
F7,strain
F8,melanochroite
F9,unmixable
G0,shaggy
G1,infrequency
G2,legitim
G3,earthgrubber
G4,piercingly
G5,proconventional
G6,reattach
G7,barbarea
G8,beggiatoa
G9,disrupture
H0,unexperimental
H1,syngnathus
H2,playsomely
H3,predisregard
H4,fredricite
H5,strainslip
H6,acetated
H7,correption
H8,wolfkin
H9,wigger
I0,totemization
I1,shoshonite
I2,psychanalytic
I3,babished
I4,baculite
I5,piezometer
I6,reamendment
I7,vituperatively
I8,pohutukawa
I9,extant
J0,outblow
J1,hierographer
J2,quartine
J3,irreplevisable
J4,nonapposable
J5,promoter
J6,encraal
J7,exogastric
J8,preterist
J9,argon
K0,deresinize
K1,devulcanize
K2,miargyrite
K3,neoformative
K4,nonsparing
K5,nonsawing
K6,squamulose
K7,ornithophilous
K8,precorruptly
K9,trichy
L0,skogbolite
L1,woadwaxen
L2,folliculous
L3,herniated
L4,altitude
L5,enchalice
L6,pardner
L7,isophoria
L8,payong
L9,unlousy
M0,cleamer
M1,cwm
M2,demise
M3,dryopians
M4,dhoti
M5,hypoblastic
M6,cydippida
M7,inauspicious
M8,diploplacula
M9,economic
N0,housebuilder
N1,nephological
N2,overimpress
N3,membrally
N4,subputation
N5,bioreaction
N6,vaselike
N7,bunkery
N8,cockroach
N9,imprime
O0,sledging
O1,swosh
O2,tenontitis
O3,corocleisis
O4,leucoplakial
O5,quinacrine
O6,unstinging
O7,nonphilanthropic
O8,guelphic
O9,outwash
P0,quadrigenarious
P1,squintingly
P2,undistrained
P3,necronite
P4,pommard
P5,stromatoporoidea
P6,proconciliation
P7,triphammer
P8,reader
P9,potomania
Q0,isogamous
Q1,synostose
Q2,ascidiae
Q3,unital
Q4,beachlamar
Q5,centrosomic
Q6,santon
Q7,esophagal
Q8,kyah
Q9,yark
R0,unwise
R1,plymouth
R2,prothysteron
R3,standerwort
R4,downheartedly
R5,unprevented
R6,redback
R7,appreciation
R8,portrayment
R9,ischiorectal
S0,lucumo
S1,tetrachical
S2,ingress
S3,avower
S4,antifouler
S5,econometrics
S6,choristoblastoma
S7,otolaryngology
S8,reconcilable
S9,firehouse
T0,unrented
T1,clog
T2,lymphorrhagia
T3,annuity
T4,outbulge
T5,calcigenous
T6,keratometry
T7,woodenheaded
T8,stringency
T9,kamasin
U0,tropaion
U1,occasionally
U2,bessemerize
U3,hagioscopic
U4,wrawler
U5,wrick
U6,frostbow
U7,isometry
U8,uneuphoniousness
U9,yakima
V0,navipendular
V1,obstinate
V2,celibacy
V3,overcharitably
V4,mousse
V5,unvizarded
V6,inenucleable
V7,velum
V8,clam
V9,nonviscous
W0,polyodontal
W1,unmesmeric
W2,thalamocele
W3,congruential
W4,outspoken
W5,aright
W6,callitrichaceous
W7,septenniality
W8,occupable
W9,ebrious
X0,lissotrichan
X1,vesicularia
X2,landfast
X3,vitrifiable
X4,bogie
X5,reattainment
X6,mustarder
X7,pastil
X8,misconjugate
X9,sowte
Y0,nonangelic
Y1,drumwood
Y2,multinuclear
Y3,nonanalytical
Y4,accentor
Y5,acetylcyanide
Y6,imperturbable
Y7,unlustiness
Y8,fardo
Y9,untransubstantiated
Z0,rampion
Z1,blithesomely
Z2,syncopist
Z3,superpigmentation
Z4,unattested
Z5,paramandelic
Z6,relievingly
Z7,preintercourse
Z8,blizz
Z9,rupturewort
Z9,tryptonize
00,hypocritic
01,inactuation
02,psychid
03,repercuss
04,chitra
05,fritz
06,vaporarium
07,toryism
08,odontoceti
09,unhectored
10,shilla
11,hinderingly
12,thereology
13,choragy
14,unsnapped
15,nearby
16,uniseriate
17,isothermobathic
18,quattrini
19,breakwater
20,queasy
21,featherwork
22,unfringed
23,gravestone
24,australianism
25,cohabitation
26,organal
27,suppliantly
28,dictyogenous
29,cordia
30,nonwetted
31,almonership
32,transpalmar
33,dendron
34,prevenience
35,bran
36,rhysimeter
37,torified
38,silvertip
39,comradely
40,odontoneuralgia
41,antitonic
42,supramortal
43,vitrifaction
44,unacquittable
45,eurasiatic
46,overrusset
47,phoradendron
48,drightin
49,ragtime
50,unilocularity
51,audiophile
52,battak
53,deutochloride
54,aldose
55,narceine
56,willingly
57,straightness
58,anallagmatic
59,rutherfordite
60,tributer
61,unguentous
62,degasify
63,superunit
64,resell
65,circumferentially
66,remanufacture
67,aeroscopically
68,stereofluoroscopy
69,protanope
70,tetracosane
71,villageful
72,overtare
73,interdistinguish
74,showpiece
75,yttrocerite
76,embryographic
77,kandelia
78,pallidipalpate
79,sapid
80,clownery
81,spiff
82,duckfoot
83,letter
84,overchargement
85,absent
86,antifertilizer
87,intracanonical
88,infranuclear
89,mobulidae
90,rotogravure
91,marechal
92,sunfishery
93,atrypa
94,foremartyr
95,microbious
96,joyweed
97,indisturbance
98,pralltriller
99,silenus